1,1,118.78539412693323,282,308,58,86
1,2,94.72772430544094,228,256,191,218
1,3,1215.5750315736293,99,131,201,223
1,4,60.348715053461575,81,112,466,494
1,5,307.96126112316045,442,474,277,305
2,1,118.78539412693323,282,308,58,86
2,2,94.72772430544094,228,256,191,218
2,3,1215.5750315736293,97,129,199,221
2,4,60.348715053461575,81,112,466,494
2,5,307.96126112316045,443,475,277,305
3,1,118.78539412693323,282,308,58,86
3,2,94.72772430544094,228,256,191,218
3,3,1215.5750315736293,95,127,197,219
3,4,60.348715053461575,81,112,466,494
3,5,307.96126112316045,443,475,278,306
4,1,118.78539412693323,283,309,58,86
4,2,94.72772430544094,228,256,191,218
4,3,1215.5750315736293,93,125,194,216
4,4,60.348715053461575,81,112,466,494
4,5,307.96126112316045,444,476,278,306
5,1,118.78539412693323,283,309,58,86
5,2,94.72772430544094,228,256,192,219
5,3,1215.5750315736293,91,123,192,214
5,4,60.348715053461575,81,112,466,494
5,5,307.96126112316045,445,477,278,306
6,1,118.78539412693323,283,309,58,86
6,2,94.72772430544094,228,256,192,219
6,3,1215.5750315736293,89,121,190,212
6,4,60.348715053461575,81,112,466,494
6,5,307.96126112316045,445,477,279,307
7,1,118.78539412693323,284,310,58,86
7,2,94.72772430544094,228,256,192,219
7,3,1215.5750315736293,87,119,188,210
7,4,60.348715053461575,80,111,466,494
7,5,307.96126112316045,446,478,279,307
8,1,118.78539412693323,284,310,58,86
8,2,94.72772430544094,228,256,192,219
8,3,1215.5750315736293,85,117,185,207
8,4,60.348715053461575,80,111,466,494
8,5,307.96126112316045,447,479,280,308
9,1,118.78539412693323,284,310,58,86
9,2,94.72772430544094,228,256,193,220
9,3,1215.5750315736293,83,115,183,205
9,4,60.348715053461575,80,111,466,494
9,5,307.96126112316045,447,479,280,308
10,1,118.78539412693323,284,310,58,86
10,2,94.72772430544094,228,256,193,220
10,3,1215.5750315736293,81,113,181,203
10,4,60.348715053461575,80,111,466,494
10,5,307.96126112316045,448,480,280,308
11,1,118.78539412693323,285,311,58,86
11,2,94.72772430544094,228,256,193,220
11,3,1215.5750315736293,79,111,178,200
11,4,60.348715053461575,80,111,466,494
11,5,307.96126112316045,449,481,281,309
12,1,118.78539412693323,285,311,58,86
12,2,94.72772430544094,228,256,193,220
12,3,1215.5750315736293,77,109,176,198
12,4,60.348715053461575,80,111,466,494
12,5,307.96126112316045,449,481,281,309
13,1,118.78539412693323,285,311,58,86
13,2,94.72772430544094,228,256,194,221
13,3,1215.5750315736293,75,107,174,196
13,4,60.348715053461575,80,111,466,494
13,5,307.96126112316045,450,482,282,310
14,1,118.78539412693323,286,312,58,86
14,2,94.72772430544094,228,256,194,221
14,3,1215.5750315736293,73,105,172,194
14,4,60.348715053461575,79,110,466,494
14,5,307.96126112316045,451,483,282,310
15,1,118.78539412693323,286,312,58,86
15,2,94.72772430544094,228,256,194,221
15,3,1215.5750315736293,71,103,169,191
15,4,60.348715053461575,79,110,466,494
15,5,307.96126112316045,451,483,282,310
16,1,118.78539412693323,286,312,58,86
16,2,94.72772430544094,228,256,194,221
16,3,1215.5750315736293,69,101,167,189
16,4,60.348715053461575,79,110,466,494
16,5,307.96126112316045,452,484,283,311
17,1,118.78539412693323,287,313,58,86
17,2,94.72772430544094,228,256,194,221
17,3,1215.5750315736293,67,99,165,187
17,4,60.348715053461575,79,110,466,494
17,5,307.96126112316045,453,485,283,311
18,1,118.78539412693323,287,313,58,86
18,2,94.72772430544094,228,256,195,222
18,3,1215.5750315736293,65,97,163,185
18,4,60.348715053461575,79,110,466,494
18,5,307.96126112316045,453,485,284,312
19,1,118.78539412693323,287,313,58,86
19,2,94.72772430544094,228,256,195,222
19,3,1215.5750315736293,63,95,160,182
19,4,60.348715053461575,79,110,466,494
19,5,307.96126112316045,454,486,284,312
20,1,118.78539412693323,287,313,58,86
20,2,94.72772430544094,228,256,195,222
20,3,1215.5750315736293,61,93,158,180
20,4,60.348715053461575,78,109,466,494
20,5,307.96126112316045,455,487,284,312
21,1,118.78539412693323,288,314,58,86
21,2,94.72772430544094,228,256,195,222
21,3,1215.5750315736293,59,91,156,178
21,4,60.348715053461575,78,109,466,494
21,5,307.96126112316045,455,487,285,313
22,1,118.78539412693323,288,314,58,86
22,2,94.72772430544094,228,256,196,223
22,3,1215.5750315736293,57,89,153,175
22,4,60.348715053461575,78,109,466,494
22,5,307.96126112316045,456,488,285,313
23,1,118.78539412693323,288,314,58,86
23,2,94.72772430544094,228,256,196,223
23,3,1215.5750315736293,55,87,151,173
23,4,60.348715053461575,78,109,466,494
23,5,307.96126112316045,457,489,286,314
24,1,118.78539412693323,289,315,58,86
24,2,94.72772430544094,228,256,196,223
24,3,1215.5750315736293,53,85,149,171
24,4,60.348715053461575,78,109,466,494
24,5,307.96126112316045,457,489,286,314
25,1,118.78539412693323,289,315,58,86
25,2,94.72772430544094,228,256,196,223
25,3,1215.5750315736293,51,83,147,169
25,4,60.348715053461575,78,109,466,494
25,5,307.96126112316045,458,490,286,314
26,1,118.78539412693323,289,315,58,86
26,2,94.72772430544094,228,256,197,224
26,3,1215.5750315736293,49,81,144,166
26,4,60.348715053461575,78,109,466,494
26,5,307.96126112316045,459,491,287,315
27,1,118.78539412693323,289,315,59,87
27,2,94.72772430544094,228,256,197,224
27,3,1215.5750315736293,47,79,142,164
27,4,60.348715053461575,77,108,466,494
27,5,307.96126112316045,459,491,287,315
28,1,118.78539412693323,290,316,59,87
28,2,94.72772430544094,229,257,197,224
28,3,1215.5750315736293,45,77,140,162
28,4,60.348715053461575,77,108,466,494
28,5,307.96126112316045,460,492,288,316
29,1,118.78539412693323,290,316,59,87
29,2,94.72772430544094,229,257,197,224
29,3,1215.5750315736293,43,75,138,160
29,4,60.348715053461575,77,108,466,494
29,5,307.96126112316045,461,493,288,316
30,1,118.78539412693323,290,316,59,87
30,2,94.72772430544094,229,257,198,225
30,3,1215.5750315736293,41,73,135,157
30,4,60.348715053461575,77,108,466,494
30,5,307.96126112316045,461,493,288,316
31,1,118.78539412693323,291,317,59,87
31,2,94.72772430544094,229,257,198,225
31,3,1215.5750315736293,39,71,133,155
31,4,60.348715053461575,77,108,466,494
31,5,307.96126112316045,462,494,289,317
32,1,118.78539412693323,291,317,59,87
32,2,94.72772430544094,229,257,198,225
32,3,1215.5750315736293,37,69,131,153
32,4,60.348715053461575,77,108,466,494
32,5,307.96126112316045,463,495,289,317
33,1,118.78539412693323,291,317,59,87
33,2,94.72772430544094,229,257,198,225
33,3,1215.5750315736293,35,67,128,150
33,4,60.348715053461575,77,108,466,494
33,5,307.96126112316045,463,495,290,318
34,1,118.78539412693323,292,318,59,87
34,2,94.72772430544094,229,257,198,225
34,3,1215.5750315736293,33,65,126,148
34,4,60.348715053461575,76,107,466,494
34,5,307.96126112316045,464,496,290,318
35,1,118.78539412693323,292,318,59,87
35,2,94.72772430544094,229,257,199,226
35,3,1215.5750315736293,31,63,124,146
35,4,60.348715053461575,76,107,466,494
35,5,307.96126112316045,465,497,290,318
36,1,118.78539412693323,292,318,59,87
36,2,94.72772430544094,229,257,199,226
36,3,1215.5750315736293,29,61,122,144
36,4,60.348715053461575,76,107,466,494
36,5,307.96126112316045,465,497,291,319
37,1,118.78539412693323,292,318,59,87
37,2,94.72772430544094,229,257,199,226
37,3,1215.5750315736293,27,59,119,141
37,4,60.348715053461575,76,107,466,494
37,5,307.96126112316045,466,498,291,319
38,1,118.78539412693323,293,319,59,87
38,2,94.72772430544094,229,257,199,226
38,3,1215.5750315736293,25,57,117,139
38,4,60.348715053461575,76,107,466,494
38,5,307.96126112316045,467,499,291,319
39,1,118.78539412693323,293,319,59,87
39,2,94.72772430544094,229,257,200,227
39,3,1215.5750315736293,23,55,115,137
39,4,60.348715053461575,76,107,466,494
39,5,307.96126112316045,467,499,292,320
40,1,118.78539412693323,293,319,59,87
40,2,94.72772430544094,229,257,200,227
40,3,1215.5750315736293,20,52,112,134
40,4,60.348715053461575,75,106,466,494
40,5,307.96126112316045,468,500,292,320
41,1,118.78539412693323,294,320,59,87
41,2,94.72772430544094,229,257,200,227
41,3,1215.5750315736293,18,50,110,132
41,4,60.348715053461575,75,106,466,494
41,5,307.96126112316045,469,501,293,321
42,1,118.78539412693323,294,320,59,87
42,2,94.72772430544094,229,257,200,227
42,3,1215.5750315736293,16,48,108,130
42,4,60.348715053461575,75,106,466,494
42,5,307.96126112316045,469,501,293,321
43,1,118.78539412693323,294,320,59,87
43,2,94.72772430544094,229,257,201,228
43,3,1215.5750315736293,14,46,106,128
43,4,60.348715053461575,75,106,466,494
43,5,307.96126112316045,470,502,293,321
44,1,118.78539412693323,294,320,59,87
44,2,94.72772430544094,229,257,201,228
44,3,1215.5750315736293,12,44,103,125
44,4,60.348715053461575,75,106,466,494
44,5,307.96126112316045,471,503,294,322
45,1,118.78539412693323,295,321,59,87
45,2,94.72772430544094,229,257,201,228
45,3,1215.5750315736293,10,42,101,123
45,4,60.348715053461575,75,106,466,494
45,5,307.96126112316045,471,503,294,322
46,1,118.78539412693323,295,321,59,87
46,2,94.72772430544094,229,257,201,228
46,3,1215.5750315736293,8,40,99,121
46,4,60.348715053461575,75,106,466,494
46,5,307.96126112316045,472,504,295,323
47,1,118.78539412693323,295,321,59,87
47,2,94.72772430544094,229,257,202,229
47,3,1215.5750315736293,6,38,97,119
47,4,60.348715053461575,74,105,466,494
47,5,307.96126112316045,473,505,295,323
48,1,118.78539412693323,296,322,59,87
48,2,94.72772430544094,229,257,202,229
48,3,1215.5750315736293,4,36,94,116
48,4,60.348715053461575,74,105,466,494
48,5,307.96126112316045,473,505,295,323
49,1,118.78539412693323,296,322,59,87
49,2,94.72772430544094,229,257,202,229
49,3,1215.5750315736293,2,34,92,114
49,4,60.348715053461575,74,105,466,494
49,5,307.96126112316045,474,506,296,324
50,1,118.78539412693323,296,322,59,87
50,2,94.72772430544094,229,257,202,229
50,3,1215.5750315736293,0,32,90,112
50,4,60.348715053461575,74,105,466,494
50,5,307.96126112316045,475,507,296,324
51,1,118.78539412693323,297,323,59,87
51,2,94.72772430544094,229,257,202,229
51,4,60.348715053461575,74,105,466,494
51,5,307.96126112316045,475,507,297,325
52,1,118.78539412693323,297,323,59,87
52,2,94.72772430544094,229,257,203,230
52,4,60.348715053461575,74,105,466,494
52,5,307.96126112316045,476,508,297,325
53,1,118.78539412693323,297,323,60,88
53,2,94.72772430544094,229,257,203,230
53,4,60.348715053461575,73,104,466,494
53,5,307.96126112316045,477,509,297,325
54,1,118.78539412693323,297,323,60,88
54,2,94.72772430544094,229,257,203,230
54,4,60.348715053461575,73,104,466,494
54,5,307.96126112316045,477,509,298,326
55,1,118.78539412693323,298,324,60,88
55,2,94.72772430544094,230,258,203,230
55,4,60.348715053461575,73,104,466,494
55,5,307.96126112316045,478,510,298,326
56,1,118.78539412693323,298,324,60,88
56,2,94.72772430544094,230,258,204,231
56,4,60.348715053461575,73,104,466,494
56,5,307.96126112316045,479,511,299,327
57,1,118.78539412693323,298,324,60,88
57,2,94.72772430544094,230,258,204,231
57,4,60.348715053461575,73,104,466,494
57,5,307.96126112316045,479,511,299,327
58,1,118.78539412693323,299,325,60,88
58,2,94.72772430544094,230,258,204,231
58,4,60.348715053461575,73,104,466,494
58,5,307.96126112316045,480,512,299,327
59,1,118.78539412693323,299,325,60,88
59,2,94.72772430544094,230,258,204,231
59,4,60.348715053461575,73,104,466,494
60,1,118.78539412693323,299,325,60,88
60,2,94.72772430544094,230,258,205,232
60,4,60.348715053461575,72,103,466,494
61,1,118.78539412693323,300,326,60,88
61,2,94.72772430544094,230,258,205,232
61,4,60.348715053461575,72,103,466,494
62,1,118.78539412693323,300,326,60,88
62,2,94.72772430544094,230,258,205,232
62,4,60.348715053461575,72,103,466,494
63,1,118.78539412693323,300,326,60,88
63,2,94.72772430544094,230,258,205,232
63,4,60.348715053461575,72,103,466,494
64,1,118.78539412693323,300,326,60,88
64,2,94.72772430544094,230,258,206,233
64,4,60.348715053461575,72,103,466,494
65,1,118.78539412693323,301,327,60,88
65,2,94.72772430544094,230,258,206,233
65,4,60.348715053461575,72,103,466,494
66,1,118.78539412693323,301,327,60,88
66,2,94.72772430544094,230,258,206,233
66,4,60.348715053461575,72,103,466,494
67,1,118.78539412693323,301,327,60,88
67,2,94.72772430544094,230,258,206,233
67,4,60.348715053461575,71,102,466,494
68,1,118.78539412693323,302,328,60,88
68,2,94.72772430544094,230,258,206,233
68,4,60.348715053461575,71,102,466,494
69,1,118.78539412693323,302,328,60,88
69,2,94.72772430544094,230,258,207,234
69,4,60.348715053461575,71,102,466,494
70,1,118.78539412693323,302,328,60,88
70,2,94.72772430544094,230,258,207,234
70,4,60.348715053461575,71,102,466,494
71,1,118.78539412693323,302,328,60,88
71,2,94.72772430544094,230,258,207,234
71,4,60.348715053461575,71,102,466,494
72,1,118.78539412693323,303,329,60,88
72,2,94.72772430544094,230,258,207,234
72,4,60.348715053461575,71,102,466,494
73,1,118.78539412693323,303,329,60,88
73,2,94.72772430544094,230,258,208,235
73,4,60.348715053461575,70,101,466,494
74,1,118.78539412693323,303,329,60,88
74,2,94.72772430544094,230,258,208,235
74,4,60.348715053461575,70,101,466,494
75,1,118.78539412693323,304,330,60,88
75,2,94.72772430544094,230,258,208,235
75,4,60.348715053461575,70,101,466,494
76,1,118.78539412693323,304,330,60,88
76,2,94.72772430544094,230,258,208,235
76,4,60.348715053461575,70,101,466,494
77,1,118.78539412693323,304,330,60,88
77,2,94.72772430544094,230,258,209,236
77,4,60.348715053461575,70,101,466,494
78,1,118.78539412693323,305,331,60,88
78,2,94.72772430544094,230,258,209,236
78,4,60.348715053461575,70,101,466,494
79,1,118.78539412693323,305,331,60,88
79,2,94.72772430544094,230,258,209,236
79,4,60.348715053461575,70,101,466,494
80,1,118.78539412693323,305,331,61,89
80,2,94.72772430544094,230,258,209,236
80,4,60.348715053461575,69,100,466,494
81,1,118.78539412693323,305,331,61,89
81,2,94.72772430544094,230,258,210,237
81,4,60.348715053461575,69,100,466,494
82,1,118.78539412693323,306,332,61,89
82,2,94.72772430544094,230,258,210,237
82,4,60.348715053461575,69,100,466,494
83,1,118.78539412693323,306,332,61,89
83,2,94.72772430544094,231,259,210,237
83,4,60.348715053461575,69,100,466,494
84,1,118.78539412693323,306,332,61,89
84,2,94.72772430544094,231,259,210,237
84,4,60.348715053461575,69,100,466,494
85,1,118.78539412693323,307,333,61,89
85,2,94.72772430544094,231,259,210,237
85,4,60.348715053461575,69,100,466,494
86,1,118.78539412693323,307,333,61,89
86,2,94.72772430544094,231,259,211,238
86,4,60.348715053461575,68,99,466,494
87,1,118.78539412693323,307,333,61,89
87,2,94.72772430544094,231,259,211,238
87,4,60.348715053461575,68,99,466,494
88,1,118.78539412693323,307,333,61,89
88,2,94.72772430544094,231,259,211,238
88,4,60.348715053461575,68,99,466,494
89,1,118.78539412693323,308,334,61,89
89,2,94.72772430544094,231,259,211,238
89,4,60.348715053461575,68,99,466,494
90,1,118.78539412693323,308,334,61,89
90,2,94.72772430544094,231,259,212,239
90,4,60.348715053461575,68,99,466,494
91,1,118.78539412693323,308,334,61,89
91,2,94.72772430544094,231,259,212,239
91,4,60.348715053461575,68,99,466,494
92,1,118.78539412693323,309,335,61,89
92,2,94.72772430544094,231,259,212,239
92,4,60.348715053461575,68,99,466,494
93,1,118.78539412693323,309,335,61,89
93,2,94.72772430544094,231,259,212,239
93,4,60.348715053461575,67,98,466,494
94,1,118.78539412693323,309,335,61,89
94,2,94.72772430544094,231,259,213,240
94,4,60.348715053461575,67,98,466,494
95,1,118.78539412693323,310,336,61,89
95,2,94.72772430544094,231,259,213,240
95,4,60.348715053461575,67,98,466,494
96,1,118.78539412693323,310,336,61,89
96,2,94.72772430544094,231,259,213,240
96,4,60.348715053461575,67,98,466,494
97,1,118.78539412693323,310,336,61,89
97,2,94.72772430544094,231,259,213,240
97,4,60.348715053461575,67,98,466,494
98,1,118.78539412693323,310,336,61,89
98,2,94.72772430544094,231,259,213,240
98,4,60.348715053461575,67,98,466,494
99,1,118.78539412693323,311,337,61,89
99,2,94.72772430544094,231,259,214,241
99,4,60.348715053461575,67,98,466,494
100,1,118.78539412693323,311,337,61,89
100,2,94.72772430544094,231,259,214,241
100,4,60.348715053461575,66,97,466,494
101,1,118.78539412693323,311,337,61,89
101,2,94.72772430544094,231,259,214,241
101,4,60.348715053461575,66,97,466,494
102,1,118.78539412693323,312,338,61,89
102,2,94.72772430544094,231,259,214,241
102,4,60.348715053461575,66,97,466,494
103,1,118.78539412693323,312,338,61,89
103,2,94.72772430544094,231,259,215,242
103,4,60.348715053461575,66,97,466,494
104,1,118.78539412693323,312,338,61,89
104,2,94.72772430544094,231,259,215,242
104,4,60.348715053461575,66,97,466,494
105,1,118.78539412693323,313,339,61,89
105,2,94.72772430544094,231,259,215,242
105,4,60.348715053461575,66,97,466,494
106,1,118.78539412693323,313,339,62,90
106,2,94.72772430544094,231,259,215,242
106,4,60.348715053461575,65,96,466,494
107,1,118.78539412693323,313,339,62,90
107,2,94.72772430544094,231,259,216,243
107,4,60.348715053461575,65,96,466,494
108,1,118.78539412693323,313,339,62,90
108,2,94.72772430544094,231,259,216,243
108,4,60.348715053461575,65,96,466,494
109,1,118.78539412693323,314,340,62,90
109,2,94.72772430544094,231,259,216,243
109,4,60.348715053461575,65,96,466,494
110,1,118.78539412693323,314,340,62,90
110,2,94.72772430544094,232,260,216,243
110,4,60.348715053461575,65,96,466,494
111,1,118.78539412693323,314,340,62,90
111,2,94.72772430544094,232,260,217,244
111,4,60.348715053461575,65,96,466,494
112,1,118.78539412693323,315,341,62,90
112,2,94.72772430544094,232,260,217,244
112,4,60.348715053461575,65,96,466,494
113,1,118.78539412693323,315,341,62,90
113,2,94.72772430544094,232,260,217,244
113,4,60.348715053461575,64,95,466,494
114,1,118.78539412693323,315,341,62,90
114,2,94.72772430544094,232,260,217,244
114,4,60.348715053461575,64,95,466,494
115,1,118.78539412693323,315,341,62,90
115,2,94.72772430544094,232,260,217,244
115,4,60.348715053461575,64,95,466,494
116,1,118.78539412693323,316,342,62,90
116,2,94.72772430544094,232,260,218,245
116,4,60.348715053461575,64,95,466,494
117,1,118.78539412693323,316,342,62,90
117,2,94.72772430544094,232,260,218,245
117,4,60.348715053461575,64,95,466,494
118,1,118.78539412693323,316,342,62,90
118,2,94.72772430544094,232,260,218,245
118,4,60.348715053461575,64,95,466,494
119,1,118.78539412693323,317,343,62,90
119,2,94.72772430544094,232,260,218,245
119,4,60.348715053461575,64,95,466,494
120,1,118.78539412693323,317,343,62,90
120,2,94.72772430544094,232,260,219,246
120,4,60.348715053461575,63,94,466,494
121,1,118.78539412693323,317,343,62,90
121,2,94.72772430544094,232,260,219,246
121,4,60.348715053461575,63,94,466,494
122,1,118.78539412693323,318,344,62,90
122,2,94.72772430544094,232,260,219,246
122,4,60.348715053461575,63,94,466,494
123,1,118.78539412693323,318,344,62,90
123,2,94.72772430544094,232,260,219,246
123,4,60.348715053461575,63,94,466,494
124,1,118.78539412693323,318,344,62,90
124,2,94.72772430544094,232,260,220,247
124,4,60.348715053461575,63,94,466,494
125,1,118.78539412693323,318,344,62,90
125,2,94.72772430544094,232,260,220,247
125,4,60.348715053461575,63,94,466,494
126,1,118.78539412693323,319,345,62,90
126,2,94.72772430544094,232,260,220,247
126,4,60.348715053461575,62,93,466,494
127,1,118.78539412693323,319,345,62,90
127,2,94.72772430544094,232,260,220,247
127,4,60.348715053461575,62,93,466,494
128,1,118.78539412693323,319,345,62,90
128,2,94.72772430544094,232,260,221,248
128,4,60.348715053461575,62,93,466,494
129,1,118.78539412693323,320,346,62,90
129,2,94.72772430544094,232,260,221,248
129,4,60.348715053461575,62,93,466,494
130,1,118.78539412693323,320,346,62,90
130,2,94.72772430544094,232,260,221,248
130,4,60.348715053461575,62,93,466,494
131,1,118.78539412693323,320,346,62,90
131,2,94.72772430544094,232,260,221,248
131,4,60.348715053461575,62,93,466,494
132,1,118.78539412693323,320,346,63,91
132,2,94.72772430544094,232,260,221,248
132,4,60.348715053461575,62,93,466,494
133,1,118.78539412693323,321,347,63,91
133,2,94.72772430544094,232,260,222,249
133,4,60.348715053461575,61,92,466,494
134,1,118.78539412693323,321,347,63,91
134,2,94.72772430544094,232,260,222,249
134,4,60.348715053461575,61,92,466,494
135,1,118.78539412693323,321,347,63,91
135,2,94.72772430544094,232,260,222,249
135,4,60.348715053461575,61,92,466,494
136,1,118.78539412693323,322,348,63,91
136,2,94.72772430544094,232,260,222,249
136,4,60.348715053461575,61,92,466,494
137,1,118.78539412693323,322,348,63,91
137,2,94.72772430544094,232,260,223,250
137,4,60.348715053461575,61,92,466,494
138,1,118.78539412693323,322,348,63,91
138,2,94.72772430544094,233,261,223,250
138,4,60.348715053461575,61,92,466,494
139,1,118.78539412693323,323,349,63,91
139,2,94.72772430544094,233,261,223,250
139,4,60.348715053461575,60,91,466,494
140,1,118.78539412693323,323,349,63,91
140,2,94.72772430544094,233,261,223,250
140,4,60.348715053461575,60,91,466,494
141,1,118.78539412693323,323,349,63,91
141,2,94.72772430544094,233,261,224,251
141,4,60.348715053461575,60,91,466,494
142,1,118.78539412693323,323,349,63,91
142,2,94.72772430544094,233,261,224,251
142,4,60.348715053461575,60,91,466,494
143,1,118.78539412693323,324,350,63,91
143,2,94.72772430544094,233,261,224,251
143,4,60.348715053461575,60,91,466,494
144,1,118.78539412693323,324,350,63,91
144,2,94.72772430544094,233,261,224,251
144,4,60.348715053461575,60,91,466,494
145,1,118.78539412693323,324,350,63,91
145,2,94.72772430544094,233,261,225,252
145,4,60.348715053461575,60,91,466,494
146,1,118.78539412693323,325,351,63,91
146,2,94.72772430544094,233,261,225,252
146,4,60.348715053461575,59,90,466,494
147,1,118.78539412693323,325,351,63,91
147,2,94.72772430544094,233,261,225,252
147,4,60.348715053461575,59,90,466,494
148,1,118.78539412693323,325,351,63,91
148,2,94.72772430544094,233,261,225,252
148,4,60.348715053461575,59,90,466,494
149,1,118.78539412693323,325,351,63,91
149,2,94.72772430544094,233,261,225,252
149,4,60.348715053461575,59,90,466,494
150,1,118.78539412693323,326,352,63,91
150,2,94.72772430544094,233,261,226,253
150,4,60.348715053461575,59,90,466,494
151,1,118.78539412693323,326,352,63,91
151,2,94.72772430544094,233,261,226,253
151,4,60.348715053461575,59,90,466,494
152,1,118.78539412693323,326,352,63,91
152,2,94.72772430544094,233,261,226,253
152,4,60.348715053461575,59,90,466,494
153,1,118.78539412693323,327,353,63,91
153,2,94.72772430544094,233,261,226,253
153,4,60.348715053461575,58,89,466,494
154,1,118.78539412693323,327,353,63,91
154,2,94.72772430544094,233,261,227,254
154,4,60.348715053461575,58,89,466,494
155,1,118.78539412693323,327,353,63,91
155,2,94.72772430544094,233,261,227,254
155,4,60.348715053461575,58,89,466,494
156,1,118.78539412693323,328,354,63,91
156,2,94.72772430544094,233,261,227,254
156,4,60.348715053461575,58,89,466,494
157,1,118.78539412693323,328,354,63,91
157,2,94.72772430544094,233,261,227,254
157,4,60.348715053461575,58,89,466,494
158,1,118.78539412693323,328,354,63,91
158,2,94.72772430544094,233,261,228,255
158,4,60.348715053461575,58,89,466,494
159,1,118.78539412693323,328,354,64,92
159,2,94.72772430544094,233,261,228,255
159,4,60.348715053461575,57,88,466,494
160,1,118.78539412693323,329,355,64,92
160,2,94.72772430544094,233,261,228,255
160,4,60.348715053461575,57,88,466,494
161,1,118.78539412693323,329,355,64,92
161,2,94.72772430544094,233,261,228,255
161,4,60.348715053461575,57,88,466,494
162,1,118.78539412693323,329,355,64,92
162,2,94.72772430544094,233,261,229,256
162,4,60.348715053461575,57,88,466,494
163,1,118.78539412693323,330,356,64,92
163,2,94.72772430544094,233,261,229,256
163,4,60.348715053461575,57,88,466,494
164,1,118.78539412693323,330,356,64,92
164,2,94.72772430544094,233,261,229,256
164,4,60.348715053461575,57,88,466,494
165,1,118.78539412693323,330,356,64,92
165,2,94.72772430544094,234,262,229,256
165,4,60.348715053461575,57,88,466,494
166,1,118.78539412693323,331,357,64,92
166,2,94.72772430544094,234,262,229,256
166,4,60.348715053461575,56,87,466,494
167,1,118.78539412693323,331,357,64,92
167,2,94.72772430544094,234,262,230,257
167,4,60.348715053461575,56,87,466,494
168,1,118.78539412693323,331,357,64,92
168,2,94.72772430544094,234,262,230,257
168,4,60.348715053461575,56,87,466,494
169,1,118.78539412693323,331,357,64,92
169,2,94.72772430544094,234,262,230,257
169,4,60.348715053461575,56,87,466,494
170,1,118.78539412693323,332,358,64,92
170,2,94.72772430544094,234,262,230,257
170,4,60.348715053461575,56,87,466,494
171,1,118.78539412693323,332,358,64,92
171,2,94.72772430544094,234,262,231,258
171,4,60.348715053461575,56,87,466,494
172,1,118.78539412693323,332,358,64,92
172,2,94.72772430544094,234,262,231,258
172,4,60.348715053461575,55,86,466,494
173,1,118.78539412693323,333,359,64,92
173,2,94.72772430544094,234,262,231,258
173,4,60.348715053461575,55,86,466,494
174,1,118.78539412693323,333,359,64,92
174,2,94.72772430544094,234,262,231,258
174,4,60.348715053461575,55,86,466,494
175,1,118.78539412693323,333,359,64,92
175,2,94.72772430544094,234,262,232,259
175,4,60.348715053461575,55,86,466,494
176,1,118.78539412693323,333,359,64,92
176,2,94.72772430544094,234,262,232,259
176,4,60.348715053461575,55,86,466,494
177,1,118.78539412693323,334,360,64,92
177,2,94.72772430544094,234,262,232,259
177,4,60.348715053461575,55,86,466,494
178,1,118.78539412693323,334,360,64,92
178,2,94.72772430544094,234,262,232,259
178,4,60.348715053461575,55,86,466,494
179,1,118.78539412693323,334,360,64,92
179,2,94.72772430544094,234,262,232,259
179,4,60.348715053461575,54,85,466,494
180,1,118.78539412693323,335,361,64,92
180,2,94.72772430544094,234,262,233,260
180,4,60.348715053461575,54,85,466,494
181,1,118.78539412693323,335,361,64,92
181,2,94.72772430544094,234,262,233,260
181,4,60.348715053461575,54,85,466,494
182,1,118.78539412693323,335,361,64,92
182,2,94.72772430544094,234,262,233,260
182,4,60.348715053461575,54,85,466,494
183,1,118.78539412693323,336,362,64,92
183,2,94.72772430544094,234,262,233,260
183,4,60.348715053461575,54,85,466,494
184,1,118.78539412693323,336,362,64,92
184,2,94.72772430544094,234,262,234,261
184,4,60.348715053461575,54,85,466,494
185,1,118.78539412693323,336,362,65,93
185,2,94.72772430544094,234,262,234,261
185,4,60.348715053461575,54,85,466,494
186,1,118.78539412693323,336,362,65,93
186,2,94.72772430544094,234,262,234,261
186,4,60.348715053461575,53,84,466,494
187,1,118.78539412693323,337,363,65,93
187,2,94.72772430544094,234,262,234,261
187,4,60.348715053461575,53,84,466,494
188,1,118.78539412693323,337,363,65,93
188,2,94.72772430544094,234,262,235,262
188,4,60.348715053461575,53,84,466,494
189,1,118.78539412693323,337,363,65,93
189,2,94.72772430544094,234,262,235,262
189,4,60.348715053461575,53,84,466,494
190,1,118.78539412693323,338,364,65,93
190,2,94.72772430544094,234,262,235,262
190,4,60.348715053461575,53,84,466,494
191,1,118.78539412693323,338,364,65,93
191,2,94.72772430544094,234,262,235,262
191,4,60.348715053461575,53,84,466,494
192,1,118.78539412693323,338,364,65,93
192,2,94.72772430544094,234,262,236,263
192,4,60.348715053461575,52,83,466,494
193,1,118.78539412693323,338,364,65,93
193,2,94.72772430544094,235,263,236,263
193,4,60.348715053461575,52,83,466,494
194,1,118.78539412693323,339,365,65,93
194,2,94.72772430544094,235,263,236,263
194,4,60.348715053461575,52,83,466,494
195,1,118.78539412693323,339,365,65,93
195,2,94.72772430544094,235,263,236,263
195,4,60.348715053461575,52,83,466,494
196,1,118.78539412693323,339,365,65,93
196,2,94.72772430544094,235,263,236,263
196,4,60.348715053461575,52,83,466,494
197,1,118.78539412693323,340,366,65,93
197,2,94.72772430544094,235,263,237,264
197,4,60.348715053461575,52,83,466,494
198,1,118.78539412693323,340,366,65,93
198,2,94.72772430544094,235,263,237,264
198,4,60.348715053461575,52,83,466,494
199,1,118.78539412693323,340,366,65,93
199,2,94.72772430544094,235,263,237,264
199,4,60.348715053461575,51,82,466,494
200,1,118.78539412693323,341,367,65,93
200,2,94.72772430544094,235,263,237,264
200,4,60.348715053461575,51,82,466,494
201,1,118.78539412693323,341,367,65,93
201,2,94.72772430544094,235,263,238,265
201,4,60.348715053461575,51,82,466,494
202,1,118.78539412693323,341,367,65,93
202,2,94.72772430544094,235,263,238,265
202,4,60.348715053461575,51,82,466,494
203,1,118.78539412693323,341,367,65,93
203,2,94.72772430544094,235,263,238,265
203,4,60.348715053461575,51,82,466,494
204,1,118.78539412693323,342,368,65,93
204,2,94.72772430544094,235,263,238,265
204,4,60.348715053461575,51,82,466,494
205,1,118.78539412693323,342,368,65,93
205,2,94.72772430544094,235,263,239,266
205,4,60.348715053461575,51,82,466,494
206,1,118.78539412693323,342,368,65,93
206,2,94.72772430544094,235,263,239,266
206,4,60.348715053461575,50,81,466,494
207,1,118.78539412693323,343,369,65,93
207,2,94.72772430544094,235,263,239,266
207,4,60.348715053461575,50,81,466,494
208,1,118.78539412693323,343,369,65,93
208,2,94.72772430544094,235,263,239,266
208,4,60.348715053461575,50,81,466,494
209,1,118.78539412693323,343,369,65,93
209,2,94.72772430544094,235,263,240,267
209,4,60.348715053461575,50,81,466,494
210,1,118.78539412693323,344,370,65,93
210,2,94.72772430544094,235,263,240,267
210,4,60.348715053461575,50,81,466,494
211,1,118.78539412693323,344,370,66,94
211,2,94.72772430544094,235,263,240,267
211,4,60.348715053461575,50,81,466,494
212,1,118.78539412693323,344,370,66,94
212,2,94.72772430544094,235,263,240,267
212,4,60.348715053461575,49,80,466,494
213,1,118.78539412693323,344,370,66,94
213,2,94.72772430544094,235,263,240,267
213,4,60.348715053461575,49,80,466,494
214,1,118.78539412693323,345,371,66,94
214,2,94.72772430544094,235,263,241,268
214,4,60.348715053461575,49,80,466,494
215,1,118.78539412693323,345,371,66,94
215,2,94.72772430544094,235,263,241,268
215,4,60.348715053461575,49,80,466,494
216,1,118.78539412693323,345,371,66,94
216,2,94.72772430544094,235,263,241,268
216,4,60.348715053461575,49,80,466,494
217,1,118.78539412693323,346,372,66,94
217,2,94.72772430544094,235,263,241,268
217,4,60.348715053461575,49,80,466,494
218,1,118.78539412693323,346,372,66,94
218,2,94.72772430544094,235,263,242,269
218,4,60.348715053461575,49,80,466,494
219,1,118.78539412693323,346,372,66,94
219,2,94.72772430544094,235,263,242,269
219,4,60.348715053461575,48,79,466,494
220,1,118.78539412693323,346,372,66,94
220,2,94.72772430544094,236,264,242,269
220,4,60.348715053461575,48,79,466,494
221,1,118.78539412693323,347,373,66,94
221,2,94.72772430544094,236,264,242,269
221,4,60.348715053461575,48,79,466,494
222,1,118.78539412693323,347,373,66,94
222,2,94.72772430544094,236,264,243,270
222,4,60.348715053461575,48,79,466,494
223,1,118.78539412693323,347,373,66,94
223,2,94.72772430544094,236,264,243,270
223,4,60.348715053461575,48,79,466,494
224,1,118.78539412693323,348,374,66,94
224,2,94.72772430544094,236,264,243,270
224,4,60.348715053461575,48,79,466,494
225,1,118.78539412693323,348,374,66,94
225,2,94.72772430544094,236,264,243,270
225,4,60.348715053461575,47,78,466,494
226,1,118.78539412693323,348,374,66,94
226,2,94.72772430544094,236,264,244,271
226,4,60.348715053461575,47,78,466,494
227,1,118.78539412693323,349,375,66,94
227,2,94.72772430544094,236,264,244,271
227,4,60.348715053461575,47,78,466,494
228,1,118.78539412693323,349,375,66,94
228,2,94.72772430544094,236,264,244,271
228,4,60.348715053461575,47,78,466,494
229,1,118.78539412693323,349,375,66,94
229,2,94.72772430544094,236,264,244,271
229,4,60.348715053461575,47,78,466,494
230,1,118.78539412693323,349,375,66,94
230,2,94.72772430544094,236,264,244,271
230,4,60.348715053461575,47,78,466,494
231,1,118.78539412693323,350,376,66,94
231,2,94.72772430544094,236,264,245,272
231,4,60.348715053461575,47,78,466,494
232,1,118.78539412693323,350,376,66,94
232,2,94.72772430544094,236,264,245,272
232,4,60.348715053461575,46,77,466,494
233,1,118.78539412693323,350,376,66,94
233,2,94.72772430544094,236,264,245,272
233,4,60.348715053461575,46,77,466,494
234,1,118.78539412693323,351,377,66,94
234,2,94.72772430544094,236,264,245,272
234,4,60.348715053461575,46,77,466,494
235,1,118.78539412693323,351,377,66,94
235,2,94.72772430544094,236,264,246,273
235,4,60.348715053461575,46,77,466,494
236,1,118.78539412693323,351,377,66,94
236,2,94.72772430544094,236,264,246,273
236,4,60.348715053461575,46,77,466,494
237,1,118.78539412693323,351,377,66,94
237,2,94.72772430544094,236,264,246,273
237,4,60.348715053461575,46,77,466,494
238,1,118.78539412693323,352,378,67,95
238,2,94.72772430544094,236,264,246,273
238,4,60.348715053461575,46,77,466,494
239,1,118.78539412693323,352,378,67,95
239,2,94.72772430544094,236,264,247,274
239,4,60.348715053461575,45,76,466,494
240,1,118.78539412693323,352,378,67,95
240,2,94.72772430544094,236,264,247,274
240,4,60.348715053461575,45,76,466,494
241,1,118.78539412693323,353,379,67,95
241,2,94.72772430544094,236,264,247,274
241,4,60.348715053461575,45,76,466,494
242,1,118.78539412693323,353,379,67,95
242,2,94.72772430544094,236,264,247,274
242,4,60.348715053461575,45,76,466,494
243,1,118.78539412693323,353,379,67,95
243,2,94.72772430544094,236,264,248,275
243,4,60.348715053461575,45,76,466,494
244,1,118.78539412693323,354,380,67,95
244,2,94.72772430544094,236,264,248,275
244,4,60.348715053461575,45,76,466,494
245,1,118.78539412693323,354,380,67,95
245,2,94.72772430544094,236,264,248,275
245,4,60.348715053461575,44,75,466,494
246,1,118.78539412693323,354,380,67,95
246,2,94.72772430544094,236,264,248,275
246,4,60.348715053461575,44,75,466,494
247,1,118.78539412693323,354,380,67,95
247,2,94.72772430544094,236,264,248,275
247,4,60.348715053461575,44,75,466,494
248,1,118.78539412693323,355,381,67,95
248,2,94.72772430544094,237,265,249,276
248,4,60.348715053461575,44,75,466,494
249,1,118.78539412693323,355,381,67,95
249,2,94.72772430544094,237,265,249,276
249,4,60.348715053461575,44,75,466,494
250,1,118.78539412693323,355,381,67,95
250,2,94.72772430544094,237,265,249,276
250,4,60.348715053461575,44,75,466,494
251,1,118.78539412693323,356,382,67,95
251,2,94.72772430544094,237,265,249,276
251,4,60.348715053461575,44,75,466,494
252,1,118.78539412693323,356,382,67,95
252,2,94.72772430544094,237,265,250,277
252,4,60.348715053461575,43,74,466,494
253,1,118.78539412693323,356,382,67,95
253,2,94.72772430544094,237,265,250,277
253,4,60.348715053461575,43,74,466,494
254,1,118.78539412693323,357,383,67,95
254,2,94.72772430544094,237,265,250,277
254,4,60.348715053461575,43,74,466,494
255,1,118.78539412693323,357,383,67,95
255,2,94.72772430544094,237,265,250,277
255,4,60.348715053461575,43,74,466,494
256,1,118.78539412693323,357,383,67,95
256,2,94.72772430544094,237,265,251,278
256,4,60.348715053461575,43,74,466,494
257,1,118.78539412693323,357,383,67,95
257,2,94.72772430544094,237,265,251,278
257,4,60.348715053461575,43,74,466,494
258,1,118.78539412693323,358,384,67,95
258,2,94.72772430544094,237,265,251,278
258,4,60.348715053461575,42,73,466,494
259,1,118.78539412693323,358,384,67,95
259,2,94.72772430544094,237,265,251,278
259,4,60.348715053461575,42,73,466,494
260,1,118.78539412693323,358,384,67,95
260,2,94.72772430544094,237,265,251,278
260,4,60.348715053461575,42,73,466,494
261,1,118.78539412693323,359,385,67,95
261,2,94.72772430544094,237,265,252,279
261,4,60.348715053461575,42,73,466,494
262,1,118.78539412693323,359,385,67,95
262,2,94.72772430544094,237,265,252,279
262,4,60.348715053461575,42,73,466,494
263,1,118.78539412693323,359,385,67,95
263,2,94.72772430544094,237,265,252,279
263,4,60.348715053461575,42,73,466,494
264,1,118.78539412693323,359,385,68,96
264,2,94.72772430544094,237,265,252,279
264,4,60.348715053461575,42,73,466,494
265,1,118.78539412693323,360,386,68,96
265,2,94.72772430544094,237,265,253,280
265,4,60.348715053461575,41,72,466,494
266,1,118.78539412693323,360,386,68,96
266,2,94.72772430544094,237,265,253,280
266,4,60.348715053461575,41,72,466,494
267,1,118.78539412693323,360,386,68,96
267,2,94.72772430544094,237,265,253,280
267,4,60.348715053461575,41,72,466,494
268,1,118.78539412693323,361,387,68,96
268,2,94.72772430544094,237,265,253,280
268,4,60.348715053461575,41,72,466,494
269,1,118.78539412693323,361,387,68,96
269,2,94.72772430544094,237,265,254,281
269,4,60.348715053461575,41,72,466,494
270,1,118.78539412693323,361,387,68,96
270,2,94.72772430544094,237,265,254,281
270,4,60.348715053461575,41,72,466,494
271,1,118.78539412693323,362,388,68,96
271,2,94.72772430544094,237,265,254,281
271,4,60.348715053461575,41,72,466,494
272,1,118.78539412693323,362,388,68,96
272,2,94.72772430544094,237,265,254,281
272,4,60.348715053461575,40,71,466,494
273,1,118.78539412693323,362,388,68,96
273,2,94.72772430544094,237,265,255,282
273,4,60.348715053461575,40,71,466,494
274,1,118.78539412693323,362,388,68,96
274,2,94.72772430544094,237,265,255,282
274,4,60.348715053461575,40,71,466,494
275,1,118.78539412693323,363,389,68,96
275,2,94.72772430544094,238,266,255,282
275,4,60.348715053461575,40,71,466,494
276,1,118.78539412693323,363,389,68,96
276,2,94.72772430544094,238,266,255,282
276,4,60.348715053461575,40,71,466,494
277,1,118.78539412693323,363,389,68,96
277,2,94.72772430544094,238,266,255,282
277,4,60.348715053461575,40,71,466,494
278,1,118.78539412693323,364,390,68,96
278,2,94.72772430544094,238,266,256,283
278,4,60.348715053461575,39,70,466,494
279,1,118.78539412693323,364,390,68,96
279,2,94.72772430544094,238,266,256,283
279,4,60.348715053461575,39,70,465,493
280,1,118.78539412693323,364,390,68,96
280,2,94.72772430544094,238,266,256,283
280,4,60.348715053461575,39,70,465,493
281,1,118.78539412693323,364,390,68,96
281,2,94.72772430544094,238,266,256,283
281,4,60.348715053461575,39,70,465,493
282,1,118.78539412693323,365,391,68,96
282,2,94.72772430544094,238,266,257,284
282,4,60.348715053461575,39,70,465,493
283,1,118.78539412693323,365,391,68,96
283,2,94.72772430544094,238,266,257,284
283,4,60.348715053461575,39,70,465,493
284,1,118.78539412693323,365,391,68,96
284,2,94.72772430544094,238,266,257,284
284,4,60.348715053461575,39,70,465,493
285,1,118.78539412693323,366,392,68,96
285,2,94.72772430544094,238,266,257,284
285,4,60.348715053461575,38,69,465,493
286,1,118.78539412693323,366,392,68,96
286,2,94.72772430544094,238,266,258,285
286,4,60.348715053461575,38,69,465,493
287,1,118.78539412693323,366,392,68,96
287,2,94.72772430544094,238,266,258,285
287,4,60.348715053461575,38,69,465,493
288,1,118.78539412693323,367,393,68,96
288,2,94.72772430544094,238,266,258,285
288,4,60.348715053461575,38,69,465,493
289,1,118.78539412693323,367,393,68,96
289,2,94.72772430544094,238,266,258,285
289,4,60.348715053461575,38,69,465,493
290,1,118.78539412693323,367,393,69,97
290,2,94.72772430544094,238,266,259,286
290,4,60.348715053461575,38,69,465,493
291,1,118.78539412693323,367,393,69,97
291,2,94.72772430544094,238,266,259,286
291,4,60.348715053461575,37,68,465,493
292,1,118.78539412693323,368,394,69,97
292,2,94.72772430544094,238,266,259,286
292,4,60.348715053461575,37,68,465,493
293,1,118.78539412693323,368,394,69,97
293,2,94.72772430544094,238,266,259,286
293,4,60.348715053461575,37,68,465,493
294,1,118.78539412693323,368,394,69,97
294,2,94.72772430544094,238,266,259,286
294,4,60.348715053461575,37,68,465,493
295,1,118.78539412693323,369,395,69,97
295,2,94.72772430544094,238,266,260,287
295,4,60.348715053461575,37,68,465,493
296,1,118.78539412693323,369,395,69,97
296,2,94.72772430544094,238,266,260,287
296,4,60.348715053461575,37,68,465,493
297,1,118.78539412693323,369,395,69,97
297,2,94.72772430544094,238,266,260,287
297,4,60.348715053461575,37,68,465,493
298,1,118.78539412693323,369,395,69,97
298,2,94.72772430544094,238,266,260,287
298,4,60.348715053461575,36,67,465,493
299,1,118.78539412693323,370,396,69,97
299,2,94.72772430544094,238,266,261,288
299,4,60.348715053461575,36,67,465,493
300,1,118.78539412693323,370,396,69,97
300,2,94.72772430544094,238,266,261,288
300,4,60.348715053461575,36,67,465,493
301,1,118.78539412693323,370,396,69,97
301,2,94.72772430544094,238,266,261,288
301,4,60.348715053461575,36,67,465,493
302,1,118.78539412693323,371,397,69,97
302,2,94.72772430544094,238,266,261,288
302,4,60.348715053461575,36,67,465,493
303,1,118.78539412693323,371,397,69,97
303,2,94.72772430544094,239,267,262,289
303,4,60.348715053461575,36,67,465,493
304,1,118.78539412693323,371,397,69,97
304,2,94.72772430544094,239,267,262,289
304,4,60.348715053461575,36,67,465,493
305,1,118.78539412693323,372,398,69,97
305,2,94.72772430544094,239,267,262,289
305,4,60.348715053461575,35,66,465,493
306,1,118.78539412693323,372,398,69,97
306,2,94.72772430544094,239,267,262,289
306,4,60.348715053461575,35,66,465,493
307,1,118.78539412693323,372,398,69,97
307,2,94.72772430544094,239,267,263,290
307,4,60.348715053461575,35,66,465,493
308,1,118.78539412693323,372,398,69,97
308,2,94.72772430544094,239,267,263,290
308,4,60.348715053461575,35,66,465,493
309,1,118.78539412693323,373,399,69,97
309,2,94.72772430544094,239,267,263,290
309,4,60.348715053461575,35,66,465,493
310,1,118.78539412693323,373,399,69,97
310,2,94.72772430544094,239,267,263,290
310,4,60.348715053461575,35,66,465,493
311,1,118.78539412693323,373,399,69,97
311,2,94.72772430544094,239,267,263,290
311,4,60.348715053461575,34,65,465,493
312,1,118.78539412693323,374,400,69,97
312,2,94.72772430544094,239,267,264,291
312,4,60.348715053461575,34,65,465,493
313,1,118.78539412693323,374,400,69,97
313,2,94.72772430544094,239,267,264,291
313,4,60.348715053461575,34,65,465,493
314,1,118.78539412693323,374,400,69,97
314,2,94.72772430544094,239,267,264,291
314,4,60.348715053461575,34,65,465,493
315,1,118.78539412693323,375,401,69,97
315,2,94.72772430544094,239,267,264,291
315,4,60.348715053461575,34,65,465,493
316,1,118.78539412693323,375,401,69,97
316,2,94.72772430544094,239,267,265,292
316,4,60.348715053461575,34,65,465,493
317,1,118.78539412693323,375,401,70,98
317,2,94.72772430544094,239,267,265,292
317,4,60.348715053461575,34,65,465,493
318,1,118.78539412693323,375,401,70,98
318,2,94.72772430544094,239,267,265,292
318,4,60.348715053461575,33,64,465,493
319,1,118.78539412693323,376,402,70,98
319,2,94.72772430544094,239,267,265,292
319,4,60.348715053461575,33,64,465,493
320,1,118.78539412693323,376,402,70,98
320,2,94.72772430544094,239,267,266,293
320,4,60.348715053461575,33,64,465,493
321,1,118.78539412693323,376,402,70,98
321,2,94.72772430544094,239,267,266,293
321,4,60.348715053461575,33,64,465,493
322,1,118.78539412693323,377,403,70,98
322,2,94.72772430544094,239,267,266,293
322,4,60.348715053461575,33,64,465,493
323,1,118.78539412693323,377,403,70,98
323,2,94.72772430544094,239,267,266,293
323,4,60.348715053461575,33,64,465,493
324,1,118.78539412693323,377,403,70,98
324,2,94.72772430544094,239,267,267,294
324,4,60.348715053461575,33,64,465,493
325,1,118.78539412693323,377,403,70,98
325,2,94.72772430544094,239,267,267,294
325,4,60.348715053461575,32,63,465,493
326,1,118.78539412693323,378,404,70,98
326,2,94.72772430544094,239,267,267,294
326,4,60.348715053461575,32,63,465,493
327,1,118.78539412693323,378,404,70,98
327,2,94.72772430544094,239,267,267,294
327,4,60.348715053461575,32,63,465,493
328,1,118.78539412693323,378,404,70,98
328,2,94.72772430544094,239,267,267,294
328,4,60.348715053461575,32,63,465,493
329,1,118.78539412693323,379,405,70,98
329,2,94.72772430544094,239,267,268,295
329,4,60.348715053461575,32,63,465,493
330,1,118.78539412693323,379,405,70,98
330,2,94.72772430544094,240,268,268,295
330,4,60.348715053461575,32,63,465,493
331,1,118.78539412693323,379,405,70,98
331,2,94.72772430544094,240,268,268,295
331,4,60.348715053461575,31,62,465,493
332,1,118.78539412693323,380,406,70,98
332,2,94.72772430544094,240,268,268,295
332,4,60.348715053461575,31,62,465,493
333,1,118.78539412693323,380,406,70,98
333,2,94.72772430544094,240,268,269,296
333,4,60.348715053461575,31,62,465,493
334,1,118.78539412693323,380,406,70,98
334,2,94.72772430544094,240,268,269,296
334,4,60.348715053461575,31,62,465,493
335,1,118.78539412693323,380,406,70,98
335,2,94.72772430544094,240,268,269,296
335,4,60.348715053461575,31,62,465,493
336,1,118.78539412693323,381,407,70,98
336,2,94.72772430544094,240,268,269,296
336,4,60.348715053461575,31,62,465,493
337,1,118.78539412693323,381,407,70,98
337,2,94.72772430544094,240,268,270,297
337,4,60.348715053461575,31,62,465,493
338,1,118.78539412693323,381,407,70,98
338,2,94.72772430544094,240,268,270,297
338,4,60.348715053461575,30,61,465,493
339,1,118.78539412693323,382,408,70,98
339,2,94.72772430544094,240,268,270,297
339,4,60.348715053461575,30,61,465,493
340,1,118.78539412693323,382,408,70,98
340,2,94.72772430544094,240,268,270,297
340,4,60.348715053461575,30,61,465,493
341,1,118.78539412693323,382,408,70,98
341,2,94.72772430544094,240,268,271,298
341,4,60.348715053461575,30,61,465,493
342,1,118.78539412693323,382,408,70,98
342,2,94.72772430544094,240,268,271,298
342,4,60.348715053461575,30,61,465,493
343,1,118.78539412693323,383,409,71,99
343,2,94.72772430544094,240,268,271,298
343,4,60.348715053461575,30,61,465,493
344,1,118.78539412693323,383,409,71,99
344,2,94.72772430544094,240,268,271,298
344,4,60.348715053461575,29,60,465,493
345,1,118.78539412693323,383,409,71,99
345,2,94.72772430544094,240,268,271,298
345,4,60.348715053461575,29,60,465,493
346,1,118.78539412693323,384,410,71,99
346,2,94.72772430544094,240,268,272,299
346,4,60.348715053461575,29,60,465,493
347,1,118.78539412693323,384,410,71,99
347,2,94.72772430544094,240,268,272,299
347,4,60.348715053461575,29,60,465,493
348,1,118.78539412693323,384,410,71,99
348,2,94.72772430544094,240,268,272,299
348,4,60.348715053461575,29,60,465,493
349,1,118.78539412693323,385,411,71,99
349,2,94.72772430544094,240,268,272,299
349,4,60.348715053461575,29,60,465,493
350,1,118.78539412693323,385,411,71,99
350,2,94.72772430544094,240,268,273,300
350,4,60.348715053461575,29,60,465,493
351,1,118.78539412693323,385,411,71,99
351,2,94.72772430544094,240,268,273,300
351,4,60.348715053461575,28,59,465,493
352,1,118.78539412693323,385,411,71,99
352,2,94.72772430544094,240,268,273,300
352,4,60.348715053461575,28,59,465,493
353,1,118.78539412693323,386,412,71,99
353,2,94.72772430544094,240,268,273,300
353,4,60.348715053461575,28,59,465,493
354,1,118.78539412693323,386,412,71,99
354,2,94.72772430544094,240,268,274,301
354,4,60.348715053461575,28,59,465,493
355,1,118.78539412693323,386,412,71,99
355,2,94.72772430544094,240,268,274,301
355,4,60.348715053461575,28,59,465,493
356,1,118.78539412693323,387,413,71,99
356,2,94.72772430544094,240,268,274,301
356,4,60.348715053461575,28,59,465,493
357,1,118.78539412693323,387,413,71,99
357,2,94.72772430544094,240,268,274,301
357,4,60.348715053461575,28,59,465,493
358,1,118.78539412693323,387,413,71,99
358,2,94.72772430544094,241,269,274,301
358,4,60.348715053461575,27,58,465,493
359,1,118.78539412693323,388,414,71,99
359,2,94.72772430544094,241,269,275,302
359,4,60.348715053461575,27,58,465,493
360,1,118.78539412693323,388,414,71,99
360,2,94.72772430544094,241,269,275,302
360,4,60.348715053461575,27,58,465,493
361,1,118.78539412693323,388,414,71,99
361,2,94.72772430544094,241,269,275,302
361,4,60.348715053461575,27,58,465,493
362,1,118.78539412693323,388,414,71,99
362,2,94.72772430544094,241,269,275,302
362,4,60.348715053461575,27,58,465,493
363,1,118.78539412693323,389,415,71,99
363,2,94.72772430544094,241,269,276,303
363,4,60.348715053461575,27,58,465,493
364,1,118.78539412693323,389,415,71,99
364,2,94.72772430544094,241,269,276,303
364,4,60.348715053461575,26,57,465,493
365,1,118.78539412693323,389,415,71,99
365,2,94.72772430544094,241,269,276,303
365,4,60.348715053461575,26,57,465,493
366,1,118.78539412693323,390,416,71,99
366,2,94.72772430544094,241,269,276,303
366,4,60.348715053461575,26,57,465,493
367,1,118.78539412693323,390,416,71,99
367,2,94.72772430544094,241,269,277,304
367,4,60.348715053461575,26,57,465,493
368,1,118.78539412693323,390,416,71,99
368,2,94.72772430544094,241,269,277,304
368,4,60.348715053461575,26,57,465,493
369,1,118.78539412693323,390,416,71,99
369,2,94.72772430544094,241,269,277,304
369,4,60.348715053461575,26,57,465,493
370,1,118.78539412693323,391,417,72,100
370,2,94.72772430544094,241,269,277,304
370,4,60.348715053461575,26,57,465,493
371,1,118.78539412693323,391,417,72,100
371,2,94.72772430544094,241,269,278,305
371,4,60.348715053461575,25,56,465,493
372,1,118.78539412693323,391,417,72,100
372,2,94.72772430544094,241,269,278,305
372,4,60.348715053461575,25,56,465,493
373,1,118.78539412693323,392,418,72,100
373,2,94.72772430544094,241,269,278,305
373,4,60.348715053461575,25,56,465,493
374,1,118.78539412693323,392,418,72,100
374,2,94.72772430544094,241,269,278,305
374,4,60.348715053461575,25,56,465,493
375,1,118.78539412693323,392,418,72,100
375,2,94.72772430544094,241,269,278,305
375,4,60.348715053461575,25,56,465,493
376,1,118.78539412693323,393,419,72,100
376,2,94.72772430544094,241,269,279,306
376,4,60.348715053461575,25,56,465,493
377,1,118.78539412693323,393,419,72,100
377,2,94.72772430544094,241,269,279,306
377,4,60.348715053461575,24,55,465,493
378,1,118.78539412693323,393,419,72,100
378,2,94.72772430544094,241,269,279,306
378,4,60.348715053461575,24,55,465,493
379,1,118.78539412693323,393,419,72,100
379,2,94.72772430544094,241,269,279,306
379,4,60.348715053461575,24,55,465,493
380,1,118.78539412693323,394,420,72,100
380,2,94.72772430544094,241,269,280,307
380,4,60.348715053461575,24,55,465,493
381,1,118.78539412693323,394,420,72,100
381,2,94.72772430544094,241,269,280,307
381,4,60.348715053461575,24,55,465,493
382,1,118.78539412693323,394,420,72,100
382,2,94.72772430544094,241,269,280,307
382,4,60.348715053461575,24,55,465,493
383,1,118.78539412693323,395,421,72,100
383,2,94.72772430544094,241,269,280,307
383,4,60.348715053461575,24,55,465,493
384,1,118.78539412693323,395,421,72,100
384,2,94.72772430544094,241,269,281,308
384,4,60.348715053461575,23,54,465,493
385,1,118.78539412693323,395,421,72,100
385,2,94.72772430544094,242,270,281,308
385,4,60.348715053461575,23,54,465,493
386,1,118.78539412693323,395,421,72,100
386,2,94.72772430544094,242,270,281,308
386,4,60.348715053461575,23,54,465,493
387,1,118.78539412693323,396,422,72,100
387,2,94.72772430544094,242,270,281,308
387,4,60.348715053461575,23,54,465,493
388,1,118.78539412693323,396,422,72,100
388,2,94.72772430544094,242,270,282,309
388,4,60.348715053461575,23,54,465,493
389,1,118.78539412693323,396,422,72,100
389,2,94.72772430544094,242,270,282,309
389,4,60.348715053461575,23,54,465,493
390,1,118.78539412693323,397,423,72,100
390,2,94.72772430544094,242,270,282,309
390,4,60.348715053461575,23,54,465,493
391,1,118.78539412693323,397,423,72,100
391,2,94.72772430544094,242,270,282,309
391,4,60.348715053461575,22,53,465,493
392,1,118.78539412693323,397,423,72,100
392,2,94.72772430544094,242,270,282,309
392,4,60.348715053461575,22,53,465,493
393,1,118.78539412693323,398,424,72,100
393,2,94.72772430544094,242,270,283,310
393,4,60.348715053461575,22,53,465,493
394,1,118.78539412693323,398,424,72,100
394,2,94.72772430544094,242,270,283,310
394,4,60.348715053461575,22,53,465,493
395,1,118.78539412693323,398,424,72,100
395,2,94.72772430544094,242,270,283,310
395,4,60.348715053461575,22,53,465,493
396,1,118.78539412693323,398,424,73,101
396,2,94.72772430544094,242,270,283,310
396,4,60.348715053461575,22,53,465,493
397,1,118.78539412693323,399,425,73,101
397,2,94.72772430544094,242,270,284,311
397,4,60.348715053461575,21,52,465,493
398,1,118.78539412693323,399,425,73,101
398,2,94.72772430544094,242,270,284,311
398,4,60.348715053461575,21,52,465,493
399,1,118.78539412693323,399,425,73,101
399,2,94.72772430544094,242,270,284,311
399,4,60.348715053461575,21,52,465,493
